y,group
5.678399,No Cancer
6.623504,Cancer
6.778566,NA
6.420337,Cancer
6.149881,Cancer
6.403264,Cancer
6.422839,Cancer
5.746067,Cancer
5.56872,Cancer
5.810794,Cancer
6.713516,NA
6.046845,Cancer
5.582356,Cancer
6.494206,Cancer
6.245586,Cancer
6.694106,Cancer
5.744602,Cancer
6.161035,Cancer
6.128697,Cancer
5.400958,Cancer
7.189554,NA
6.876587,NA
5.546305,Cancer
5.911417,Cancer
6.246862,NA
6.354733,Cancer
6.097053,NA
5.06545,Cancer
5.508507,Cancer
5.64534,Cancer
5.71294,Cancer
5.597191,Cancer
5.614914,Cancer
5.767452,Cancer
5.994763,Cancer
7.071851,NA
5.282823,Cancer
5.658015,Cancer
6.149273,Cancer
7.15204,NA
5.525077,Cancer
5.252583,Cancer
6.368878,NA
5.282836,Cancer
6.86497,NA
6.056679,Cancer
6.617984,NA
5.254268,Cancer
5.67545,NA
5.315985,Cancer
6.705959,NA
5.739598,Cancer
6.811013,NA
5.483136,Cancer
5.697654,Cancer
5.900243,Cancer
5.702788,Cancer
5.373872,Cancer
6.970011,No Cancer
6.844814,No Cancer
6.588937,No Cancer
7.17475,NA
6.820471,No Cancer
6.076403,No Cancer
6.55244,No Cancer
6.906438,No Cancer
6.916773,No Cancer
5.938626,No Cancer
6.605076,No Cancer
7.005143,No Cancer
6.808212,No Cancer
7.316527,NA
6.577972,No Cancer
6.844389,No Cancer
6.697072,No Cancer
6.325487,No Cancer
6.494497,No Cancer
6.530716,No Cancer
6.360105,No Cancer
6.374764,No Cancer
6.706164,No Cancer
6.85405,No Cancer
6.850015,No Cancer
6.447422,No Cancer
6.614429,No Cancer
7.061813,No Cancer
5.881248,No Cancer
6.072259,No Cancer
6.783819,No Cancer
6.894722,No Cancer
6.199315,No Cancer
6.865977,No Cancer
6.413738,No Cancer
7.371457,NA
6.754679,NA
6.411335,No Cancer
6.495015,No Cancer
6.689209,No Cancer
6.20151,No Cancer
6.39296,No Cancer
6.156272,No Cancer
6.285373,No Cancer
6.024421,No Cancer
6.803379,No Cancer
5.86775,No Cancer
6.893367,No Cancer
6.243918,No Cancer
5.550653,No Cancer
5.428749,No Cancer
6.123698,No Cancer
6.312953,No Cancer
5.849858,No Cancer
5.783924,No Cancer
5.651135,No Cancer
7.395333,NA
5.686899,No Cancer
6.019137,No Cancer
5.391788,No Cancer
6.239536,No Cancer
6.124644,No Cancer
5.804333,No Cancer
6.017242,No Cancer
5.455481,No Cancer
5.653168,No Cancer
5.990232,No Cancer
6.23467,No Cancer
5.613699,No Cancer
5.626138,No Cancer
5.606456,No Cancer
5.870921,No Cancer
5.493693,Cancer
6.680881,NA
5.703193,Cancer
5.411798,Cancer
5.474109,Cancer
5.459146,Cancer
6.286228,NA
5.662632,Cancer
5.367014,Cancer
5.510678,Cancer
6.205153,Cancer
5.896511,Cancer
5.361551,Cancer
5.309449,Cancer
5.911377,Cancer
5.534148,Cancer
6.467709,NA
5.700422,Cancer
5.911727,NA
6.010843,Cancer
5.67536,Cancer
5.554446,NA
6.376878,Cancer
5.963986,Cancer
5.578363,Cancer
5.631473,Cancer
6.699358,Cancer
6.088823,Cancer
5.690987,Cancer
5.977267,Cancer
5.996821,Cancer
5.626231,Cancer
6.081606,Cancer
5.794295,Cancer
5.530608,Cancer
5.671334,Cancer
5.92466,Cancer
5.438532,Cancer
5.72991,Cancer
5.455907,Cancer
6.141642,No Cancer
6.054732,No Cancer
6.001876,No Cancer
6.098368,No Cancer
6.918305,No Cancer
6.876846,No Cancer
5.906357,No Cancer
6.229919,No Cancer
5.73891,No Cancer
6.764053,No Cancer
5.617176,No Cancer
5.846679,No Cancer
7.014242,No Cancer
6.654607,No Cancer
6.702776,No Cancer
6.141239,No Cancer
6.46476,No Cancer
6.821715,NA
5.917352,NA
7.325212,NA
7.030575,NA
6.758631,NA
